[
  {
    "Comments": {
      "BIOSDate": "05/21/2019", 
      "BIOSFamily": "U32", 
      "Manufacturer": "HPE", 
      "Model": "ProLiant DL360 Gen10", 
      "SerialNumber": "CZJ93402YQ", 
      "iLOVersion": "iLO 5 v2.30"
    }
  }, 
  {
    "#Chassis.v1_6_0.Chassis": {
      "/redfish/v1/Chassis/1/": {
        "@odata.context": "/redfish/v1/$metadata#Chassis.Chassis", 
        "@odata.etag": "W/\"B0DB0841\"", 
        "@odata.id": "/redfish/v1/Chassis/1/", 
        "AssetTag": "", 
        "ChassisType": "RackMount", 
        "Id": "1", 
        "IndicatorLED": "Blinking",
        "Links": {
          "ComputerSystems": [
            {
              "@odata.id": "/redfish/v1/Systems/1/"
            }
          ], 
          "ManagedBy": [
            {
              "@odata.id": "/redfish/v1/Managers/1/"
            }
          ]
        }, 
        "Manufacturer": "HPE", 
        "Model": "ProLiant DL360 Gen10", 
        "Name": "Computer System Chassis", 
        "NetworkAdapters": {
          "@odata.id": "/redfish/v1/Chassis/1/NetworkAdapters/"
        }, 
        "Oem": {
          "Hpe": {
            "@odata.context": "/redfish/v1/$metadata#HpeServerChassis.HpeServerChassis", 
            "@odata.type": "#HpeServerChassis.v2_3_1.HpeServerChassis", 
            "Actions": {
              "#HpeServerChassis.DisableMCTPOnServer": {
                "target": "/redfish/v1/Chassis/1/Actions/Oem/Hpe/HpeServerChassis.DisableMCTPOnServer/"
              }, 
              "#HpeServerChassis.FactoryResetMCTP": {
                "target": "/redfish/v1/Chassis/1/Actions/Oem/Hpe/HpeServerChassis.FactoryResetMCTP/"
              }
            }, 
            "Firmware": {
              "PlatformDefinitionTable": {
                "Current": {
                  "VersionString": "9.5.0 Build 15"
                }
              }, 
              "PowerManagementController": {
                "Current": {
                  "VersionString": "1.0.4"
                }
              }, 
              "PowerManagementControllerBootloader": {
                "Current": {
                  "Family": "25", 
                  "VersionString": "1.1"
                }
              }, 
              "SPSFirmwareVersionData": {
                "Current": {
                  "VersionString": "4.1.4.296"
                }
              }, 
              "SystemProgrammableLogicDevice": {
                "Current": {
                  "VersionString": "0x2E"
                }
              }
            }, 
            "Links": {
              "Devices": {
                "@odata.id": "/redfish/v1/Chassis/1/Devices/"
              }
            }, 
            "MCTPEnabledOnServer": true, 
            "SmartStorageBattery": [
              {
                "ChargeLevelPercent": 100, 
                "FirmwareVersion": "0.70", 
                "Index": 1, 
                "MaximumCapWatts": 96, 
                "Model": "875241-B21", 
                "ProductName": "HPE Smart Storage Battery ", 
                "RemainingChargeTimeSeconds": 7, 
                "SerialNumber": "6WQXK0EWYCHBRJ", 
                "SparePartNumber": "878643-001", 
                "Status": {
                  "Health": "OK", 
                  "State": "Enabled"
                }
              }
            ], 
            "SystemMaintenanceSwitches": {
              "Sw1": "Off", 
              "Sw10": "Off", 
              "Sw11": "Off", 
              "Sw12": "Off", 
              "Sw2": "Off", 
              "Sw3": "Off", 
              "Sw4": "Off", 
              "Sw5": "Off", 
              "Sw6": "Off", 
              "Sw7": "Off", 
              "Sw8": "Off", 
              "Sw9": "Off"
            }
          }
        }, 
        "PCIeDevices": {
          "@odata.id": "/redfish/v1/Chassis/1/PCIeDevices/"
        }, 
        "PCIeSlots": {
          "@odata.id": "/redfish/v1/Chassis/1/PCIeSlots/"
        }, 
        "Power": {
          "@odata.id": "/redfish/v1/Chassis/1/Power/"
        }, 
        "PowerState": "On", 
        "SKU": "867962-B21", 
        "SerialNumber": "CZJ93402YQ", 
        "Status": {
          "Health": "OK", 
          "State": "Enabled"
        }, 
        "Thermal": {
          "@odata.id": "/redfish/v1/Chassis/1/Thermal/"
        }
      }
    }
  }, 
  {
    "#ChassisCollection.ChassisCollection": {
      "/redfish/v1/Chassis/": {
        "@odata.context": "/redfish/v1/$metadata#ChassisCollection.ChassisCollection", 
        "@odata.etag": "W/\"AA6D42B0\"", 
        "@odata.id": "/redfish/v1/Chassis/", 
        "Description": "Computer System Chassis View", 
        "Members": [
          {
            "@odata.id": "/redfish/v1/Chassis/1/"
          }
        ], 
        "Members@odata.count": 1, 
        "Name": "Computer System Chassis"
      }
    }
  }, 
  {
    "#ManagerNetworkProtocol.v1_0_0.ManagerNetworkProtocol": {
      "/redfish/v1/Managers/1/NetworkProtocol/": {
        "@odata.context": "/redfish/v1/$metadata#ManagerNetworkProtocol.ManagerNetworkProtocol", 
        "@odata.etag": "W/\"303D33C3\"", 
        "@odata.id": "/redfish/v1/Managers/1/NetworkProtocol/", 
        "FQDN": "ILO-Gen10-TOP.etc.fr.comm.hpecorp.net", 
        "HTTP": {
          "Port": 80, 
          "ProtocolEnabled": true
        }, 
        "HTTPS": {
          "Port": 443, 
          "ProtocolEnabled": true
        }, 
        "HostName": "ILO-Gen10-TOP", 
        "IPMI": {
          "Port": 623, 
          "ProtocolEnabled": false
        }, 
        "Id": "NetworkProtocol", 
        "KVMIP": {
          "Port": 17990, 
          "ProtocolEnabled": true
        }, 
        "Name": "Manager Network Services", 
        "Oem": {
          "Hpe": {
            "@odata.context": "/redfish/v1/$metadata#HpeiLOManagerNetworkService.HpeiLOManagerNetworkService", 
            "@odata.type": "#HpeiLOManagerNetworkService.v2_2_0.HpeiLOManagerNetworkService", 
            "Actions": {
              "#HpeiLOManagerNetworkService.SendTestAlertMail": {
                "target": "/redfish/v1/Managers/1/NetworkProtocol/Actions/Oem/Hpe/HpeiLOManagerNetworkService.SendTestAlertMail/"
              }, 
              "#HpeiLOManagerNetworkService.SendTestSyslog": {
                "target": "/redfish/v1/Managers/1/NetworkProtocol/Actions/Oem/Hpe/HpeiLOManagerNetworkService.SendTestSyslog/"
              }
            }, 
            "AlertMailEmail": "John Deuf",
            "AlertMailEnabled": false, 
            "AlertMailSMTPAuthEnabled": false, 
            "AlertMailSMTPAuthPw": null, 
            "AlertMailSMTPAuthUser": "", 
            "AlertMailSMTPPort": 25, 
            "AlertMailSMTPSecureEnabled": true, 
            "AlertMailSMTPServer": "", 
            "AlertMailSenderDomain": "", 
            "ConfigurationSettings": "Current", 
            "FederationEnabled": true, 
            "FederationSupported": true, 
            "Links": {
              "EthernetInterfaces": {
                "@odata.id": "/redfish/v1/Managers/1/EthernetInterfaces/"
              }, 
              "SNMPService": {
                "@odata.id": "/redfish/v1/Managers/1/SnmpService/"
              }
            }, 
            "RemoteSyslogEnabled": false, 
            "RemoteSyslogPort": 514, 
            "RemoteSyslogServer": "", 
            "SNMPTrapPort": 162, 
            "SerialOverLanLogging": false, 
            "VirtualMediaEncryptionEnabled": true, 
            "XMLResponseEnabled": true
          }
        }, 
        "SNMP": {
          "Port": 161, 
          "ProtocolEnabled": true
        }, 
        "SSDP": {
          "NotifyIPv6Scope": "Site", 
          "NotifyMulticastIntervalSeconds": 600, 
          "NotifyTTL": 5, 
          "Port": 1900, 
          "ProtocolEnabled": true
        }, 
        "SSH": {
          "Port": 22, 
          "ProtocolEnabled": true
        }, 
        "Status": {
          "State": "Enabled"
        }, 
        "VirtualMedia": {
          "Port": 17988, 
          "ProtocolEnabled": true
        }
      }
    }
  }
]