{
  "Comments": {
    "Manufacturer": "HPE", 
    "Model": "ProLiant DL360 Gen10", 
    "BIOSFamily": "U32", 
    "BIOSDate": "05/21/2019", 
    "SerialNumber": "CZJ93402YQ", 
    "iLOVersion": "iLO 5 v2.30"
  }, 
  "#AccountService.v1_5_0.AccountService": {
    "/redfish/v1/AccountService/": {
      "ActiveDirectory": {
        "AccountProviderType": "ActiveDirectoryService", 
        "Authentication": {
          "Username": "", 
          "Password": null, 
          "AuthenticationType": "UsernameAndPassword"
        }, 
        "ServiceAddresses": [
          ""
        ], 
        "ServiceEnabled": false, 
        "RemoteRoleMapping": [
          {
            "RemoteGroup": "Administrators", 
            "LocalRole": "dirgroupb3d8954f6ebbe735764e9f7c"
          }, 
          {
            "RemoteGroup": "Authenticated Users:S-1-5-11", 
            "LocalRole": "dirgroup9d4546a03a03bb977c03086a"
          }
        ]
      }, 
      "Oem": {
        "Hpe": {
          "AuthFailureLoggingThreshold": 3, 
          "EnforcePasswordComplexity": false, 
          "KerberosSettings": {
            "KerberosRealm": ""
          }, 
          "AuthFailuresBeforeDelay": 1, 
          "DefaultPassword": null, 
          "DefaultUserName": null, 
          "AuthFailureDelayTimeSeconds": 10, 
          "DirectorySettings": {
            "LdapAuthenticationMode": "Disabled"
          }, 
          "MinPasswordLength": 8
        }
      }, 
      "LDAP": {
        "RemoteRoleMapping": [
          {
            "RemoteGroup": "Administrators", 
            "LocalRole": "dirgroupb3d8954f6ebbe735764e9f7c"
          }, 
          {
            "RemoteGroup": "Authenticated Users:S-1-5-11", 
            "LocalRole": "dirgroup9d4546a03a03bb977c03086a"
          }
        ], 
        "Authentication": {
          "Username": "", 
          "Password": null, 
          "AuthenticationType": "UsernameAndPassword"
        }, 
        "LDAPService": {
          "SearchSettings": {}
        }, 
        "ServiceEnabled": false, 
        "AccountProviderType": "ActiveDirectoryService", 
        "ServiceAddresses": [
          ""
        ]
      }, 
      "LocalAccountAuth": "Enabled"
    }
  }, 
  "#ComputerSystem.v1_10_0.ComputerSystem": {
    "/redfish/v1/Systems/1/": {
      "Boot": {
        "BootSourceOverrideTarget": "BiosSetup", 
        "BootSourceOverrideEnabled": "Once", 
        "BootOrder": [
          "Boot0013", 
          "Boot0012", 
          "Boot000A", 
          "Boot000B", 
          "Boot000C", 
          "Boot000E", 
          "Boot000D", 
          "Boot000F", 
          "Boot0010"
        ], 
        "BootSourceOverrideMode": "UEFI", 
        "UefiTargetBootSourceOverride": "None"
      }, 
      "HostName": "centos82rf", 
      "Oem": {
        "Hpe": {
          "EndOfPostDelaySeconds": null, 
          "PowerOnDelay": "Minimum", 
          "ServerFQDN": "", 
          "PowerAutoOn": "Restore", 
          "PostMode": null, 
          "ProcessorJitterControl": {
            "Mode": "Disabled"
          }, 
          "CriticalTempRemainOff": false, 
          "PostDiscoveryMode": null, 
          "PowerRegulatorMode": "Dynamic"
        }
      }, 
      "AssetTag": "", 
      "IndicatorLED": "Off"
    }
  }, 
  "#EthernetInterface.v1_4_1.EthernetInterface": {
    "/redfish/v1/Managers/1/EthernetInterfaces/1/": {
      "StatelessAddressAutoConfig": {
        "IPv6AutoConfigEnabled": true
      }, 
      "VLAN": {
        "VLANEnable": false, 
        "VLANId": null
      }, 
      "HostName": "ILO-Gen10-TOP", 
      "FQDN": "ILO-Gen10-TOP.etc.fr.comm.hpecorp.net", 
      "DHCPv4": {
        "UseStaticRoutes": true, 
        "UseGateway": true, 
        "UseDNSServers": true, 
        "UseDomainName": true, 
        "UseNTPServers": true, 
        "DHCPEnabled": true
      }, 
      "DHCPv6": {
        "UseDomainName": true, 
        "UseRapidCommit": false, 
        "OperatingMode": "Stateful", 
        "UseNTPServers": true, 
        "UseDNSServers": true
      }, 
      "Oem": {
        "Hpe": {
          "NICEnabled": true, 
          "DomainName": "etc.fr.comm.hpecorp.net", 
          "HostName": "ILO-Gen10-TOP", 
          "DHCPv4": {
            "UseWINSServers": true, 
            "UseStaticRoutes": true, 
            "UseGateway": true, 
            "Enabled": true, 
            "UseDNSServers": true, 
            "UseDomainName": true, 
            "UseNTPServers": true, 
            "ClientIdType": "Default"
          }, 
          "DHCPv6": {
            "StatefulModeEnabled": true, 
            "UseDNSServers": true, 
            "UseDomainName": true, 
            "StatelessModeEnabled": true, 
            "UseNTPServers": true, 
            "UseRapidCommit": false
          }, 
          "IPv4": {
            "StaticRoutes": [
              {
                "SubnetMask": "0.0.0.0", 
                "Destination": "0.0.0.0", 
                "Gateway": "0.0.0.0"
              }, 
              {
                "SubnetMask": "0.0.0.0", 
                "Destination": "0.0.0.0", 
                "Gateway": "0.0.0.0"
              }, 
              {
                "SubnetMask": "0.0.0.0", 
                "Destination": "0.0.0.0", 
                "Gateway": "0.0.0.0"
              }
            ], 
            "DDNSRegistration": true, 
            "WINSServers": [
              "0.0.0.0", 
              "0.0.0.0"
            ], 
            "DNSServers": [
              "16.31.84.24", 
              "0.0.0.0", 
              "0.0.0.0"
            ], 
            "WINSRegistration": true
          }, 
          "IPv6": {
            "StaticRoutes": [
              {
                "Destination": "::", 
                "PrefixLength": null, 
                "Gateway": "::"
              }, 
              {
                "Destination": "::", 
                "PrefixLength": null, 
                "Gateway": "::"
              }, 
              {
                "Destination": "::", 
                "PrefixLength": null, 
                "Gateway": "::"
              }
            ], 
            "DDNSRegistration": true, 
            "DNSServers": [
              "::", 
              "::", 
              "::"
            ], 
            "StaticDefaultGateway": "::", 
            "SLAACEnabled": true
          }, 
          "PingGatewayOnStartup": true
        }
      }, 
      "IPv6AddressPolicyTable": [
        {
          "Prefix": "::ffff:0:0/96", 
          "Precedence": 35, 
          "Label": null
        }
      ], 
      "StaticNameServers": [
        "0.0.0.0", 
        "0.0.0.0", 
        "0.0.0.0", 
        "::", 
        "::", 
        "::"
      ], 
      "IPv4Addresses": [
        {
          "SubnetMask": "255.255.252.0", 
          "Gateway": "16.31.84.1", 
          "Address": "16.31.87.207"
        }
      ], 
      "IPv4StaticAddresses": [], 
      "AutoNeg": true, 
      "MACAddress": "08:F1:EA:73:5E:28", 
      "FullDuplex": true, 
      "IPv6StaticAddresses": [
        {
          "PrefixLength": null, 
          "Address": "::"
        }, 
        {
          "PrefixLength": null, 
          "Address": "::"
        }, 
        {
          "PrefixLength": null, 
          "Address": "::"
        }, 
        {
          "PrefixLength": null, 
          "Address": "::"
        }
      ], 
      "IPv6StaticDefaultGateways": [
        {
          "Address": "::"
        }
      ], 
      "InterfaceEnabled": true, 
      "SpeedMbps": 1000
    }, 
    "/redfish/v1/Managers/1/EthernetInterfaces/2/": {
      "StatelessAddressAutoConfig": {
        "IPv6AutoConfigEnabled": true
      }, 
      "VLAN": {
        "VLANEnable": false, 
        "VLANId": null
      }, 
      "HostName": "ILOCZJ93402YQ", 
      "FQDN": null, 
      "DHCPv4": {
        "UseStaticRoutes": true, 
        "UseGateway": true, 
        "UseDNSServers": true, 
        "UseDomainName": true, 
        "UseNTPServers": true, 
        "DHCPEnabled": true
      }, 
      "DHCPv6": {
        "UseDomainName": true, 
        "UseRapidCommit": false, 
        "OperatingMode": "Stateful", 
        "UseNTPServers": true, 
        "UseDNSServers": true
      }, 
      "Oem": {
        "Hpe": {
          "NICEnabled": false, 
          "DomainName": "", 
          "SharedNetworkPortOptions": {
            "Port": 1
          }, 
          "HostName": "ILOCZJ93402YQ", 
          "DHCPv4": {
            "UseWINSServers": true, 
            "UseStaticRoutes": true, 
            "UseGateway": true, 
            "Enabled": true, 
            "UseDNSServers": true, 
            "UseDomainName": true, 
            "UseNTPServers": true, 
            "ClientIdType": "Default"
          }, 
          "DHCPv6": {
            "StatefulModeEnabled": true, 
            "UseDNSServers": true, 
            "UseDomainName": true, 
            "StatelessModeEnabled": true, 
            "UseNTPServers": true, 
            "UseRapidCommit": false
          }, 
          "IPv4": {
            "StaticRoutes": [
              {
                "SubnetMask": "0.0.0.0", 
                "Destination": "0.0.0.0", 
                "Gateway": "0.0.0.0"
              }, 
              {
                "SubnetMask": "0.0.0.0", 
                "Destination": "0.0.0.0", 
                "Gateway": "0.0.0.0"
              }, 
              {
                "SubnetMask": "0.0.0.0", 
                "Destination": "0.0.0.0", 
                "Gateway": "0.0.0.0"
              }
            ], 
            "DDNSRegistration": true, 
            "WINSServers": [
              "0.0.0.0", 
              "0.0.0.0"
            ], 
            "DNSServers": [
              "0.0.0.0", 
              "0.0.0.0", 
              "0.0.0.0"
            ], 
            "WINSRegistration": true
          }, 
          "IPv6": {
            "StaticRoutes": [
              {
                "Destination": "::", 
                "PrefixLength": null, 
                "Gateway": "::"
              }, 
              {
                "Destination": "::", 
                "PrefixLength": null, 
                "Gateway": "::"
              }, 
              {
                "Destination": "::", 
                "PrefixLength": null, 
                "Gateway": "::"
              }
            ], 
            "DDNSRegistration": true, 
            "DNSServers": [
              "::", 
              "::", 
              "::"
            ], 
            "StaticDefaultGateway": "::", 
            "SLAACEnabled": true
          }, 
          "PingGatewayOnStartup": true
        }
      }, 
      "IPv6AddressPolicyTable": [
        {
          "Prefix": "::ffff:0:0/96", 
          "Precedence": 35, 
          "Label": null
        }
      ], 
      "StaticNameServers": [
        "0.0.0.0", 
        "0.0.0.0", 
        "0.0.0.0", 
        "::", 
        "::", 
        "::"
      ], 
      "IPv4Addresses": [
        {
          "SubnetMask": "255.255.255.255", 
          "Gateway": "0.0.0.0", 
          "Address": "0.0.0.0"
        }
      ], 
      "IPv4StaticAddresses": [], 
      "AutoNeg": null, 
      "MACAddress": "08:F1:EA:73:5E:29", 
      "FullDuplex": false, 
      "IPv6StaticAddresses": [
        {
          "PrefixLength": null, 
          "Address": "::"
        }, 
        {
          "PrefixLength": null, 
          "Address": "::"
        }, 
        {
          "PrefixLength": null, 
          "Address": "::"
        }, 
        {
          "PrefixLength": null, 
          "Address": "::"
        }
      ], 
      "IPv6StaticDefaultGateways": [
        {
          "Address": "::"
        }
      ], 
      "InterfaceEnabled": false, 
      "SpeedMbps": null
    }, 
    "/redfish/v1/Managers/1/EthernetInterfaces/3/": {
      "IPv6AddressPolicyTable": [], 
      "StaticNameServers": [], 
      "IPv4Addresses": [
        {
          "SubnetMask": "255.255.255.252", 
          "Address": "16.1.15.1"
        }
      ], 
      "IPv4StaticAddresses": [], 
      "MACAddress": "0A:CA:FE:F0:0D:04", 
      "IPv6StaticAddresses": [], 
      "IPv6StaticDefaultGateways": [], 
      "InterfaceEnabled": true
    }
  }, 
  "#HpeESKM.v2_0_0.HpeESKM": {
    "/redfish/v1/Managers/1/SecurityService/ESKM/": {
      "PrimaryKeyServerAddress": null, 
      "PrimaryKeyServerPort": null, 
      "KeyManagerConfig": {
        "ESKMLocalCACertificateName": "", 
        "AccountGroup": ""
      }, 
      "KeyServerRedundancyReq": false, 
      "SecondaryKeyServerPort": null, 
      "SecondaryKeyServerAddress": null
    }
  }, 
  "#HpeiLODateTime.v2_0_0.HpeiLODateTime": {
    "/redfish/v1/Managers/1/DateTime/": {
      "PropagateTimeToHost": false, 
      "TimeZone": {
        "Index": 15, 
        "Name": "New Delhi"
      }, 
      "StaticNTPServers": [
        "0.0.0.0", 
        "0.0.0.0"
      ]
    }
  }, 
  "#HpeiLOFederationGroup.v2_0_0.HpeiLOFederationGroup": {
    "/redfish/v1/Managers/1/FederationGroups/DEFAULT/": {
      "FederationKey": "<p/k>", 
      "Privileges": {
        "HostNICConfigPriv": false, 
        "HostStorageConfigPriv": false, 
        "RemoteConsolePriv": false, 
        "iLOConfigPriv": false, 
        "VirtualMediaPriv": false, 
        "UserConfigPriv": false, 
        "HostBIOSConfigPriv": false, 
        "VirtualPowerAndResetPriv": false, 
        "LoginPriv": true, 
        "SystemRecoveryConfigPriv": false
      }, 
      "FederationName": "DEFAULT", 
      "AccountID": "DEFAULT"
    }
  }, 
  "#HpeiLOLicense.v2_3_0.HpeiLOLicense": {
    "/redfish/v1/Managers/1/LicenseService/1/": {
      "LicenseKey": "32PZ5-LKHY8-YW8P8-JTCL6-DDNMM"
    }
  }, 
  "#HpeiLOSSO.v2_0_0.HpeiLOSSO": {
    "/redfish/v1/Managers/1/SecurityService/SSO/": {
      "SSOsettings": {
        "OperatorPrivilege": {
          "HostNICConfigPriv": false, 
          "HostStorageConfigPriv": false, 
          "RemoteConsolePriv": true, 
          "iLOConfigPriv": false, 
          "VirtualMediaPriv": true, 
          "UserConfigPriv": false, 
          "HostBIOSConfigPriv": true, 
          "VirtualPowerAndResetPriv": true, 
          "LoginPriv": true, 
          "SystemRecoveryConfigPriv": false
        }, 
        "SSOTrustMode": "TrustNone", 
        "UserPrivilege": {
          "HostNICConfigPriv": false, 
          "HostStorageConfigPriv": false, 
          "RemoteConsolePriv": false, 
          "iLOConfigPriv": false, 
          "VirtualMediaPriv": false, 
          "UserConfigPriv": false, 
          "HostBIOSConfigPriv": false, 
          "VirtualPowerAndResetPriv": false, 
          "LoginPriv": true, 
          "SystemRecoveryConfigPriv": false
        }, 
        "AdminPrivilege": {
          "HostNICConfigPriv": true, 
          "HostStorageConfigPriv": true, 
          "RemoteConsolePriv": true, 
          "iLOConfigPriv": true, 
          "VirtualMediaPriv": true, 
          "UserConfigPriv": true, 
          "HostBIOSConfigPriv": true, 
          "VirtualPowerAndResetPriv": true, 
          "LoginPriv": true, 
          "SystemRecoveryConfigPriv": false
        }
      }
    }
  }, 
  "#HpeiLOSnmpService.v2_3_0.HpeiLOSnmpService": {
    "/redfish/v1/Managers/1/SnmpService/": {
      "AlertDestinationAssociations": [
        {
          "SNMPAlertProtocol": null, 
          "SecurityName": null
        }, 
        {
          "SNMPAlertProtocol": null, 
          "SecurityName": null
        }, 
        {
          "SNMPAlertProtocol": null, 
          "SecurityName": null
        }, 
        {
          "SNMPAlertProtocol": null, 
          "SecurityName": null
        }, 
        {
          "SNMPAlertProtocol": null, 
          "SecurityName": null
        }, 
        {
          "SNMPAlertProtocol": null, 
          "SecurityName": null
        }, 
        {
          "SNMPAlertProtocol": null, 
          "SecurityName": null
        }, 
        {
          "SNMPAlertProtocol": null, 
          "SecurityName": null
        }
      ], 
      "SNMPv3InformRetryIntervalSeconds": 15, 
      "Role": "", 
      "Location": "", 
      "SNMPv1Enabled": false, 
      "RoleDetail": "", 
      "AlertsEnabled": true, 
      "TrapCommunities": [
        "", 
        "", 
        "", 
        "", 
        "", 
        "", 
        "", 
        ""
      ], 
      "TrapSourceHostname": "Manager", 
      "Oem": {
        "Hpe": {
          "SNMPColdStartTrapBroadcast": true
        }
      }, 
      "SNMPv3EngineID": "0x800000E804435A4A39333430325951", 
      "AlertDestinations": [
        null, 
        null, 
        null, 
        null, 
        null, 
        null, 
        null, 
        null
      ], 
      "Contact": "", 
      "Users": [
        {
          "UserEngineID": null, 
          "PrivacyProtocol": "DES", 
          "SecurityName": "", 
          "AuthProtocol": "MD5"
        }, 
        {
          "UserEngineID": null, 
          "PrivacyProtocol": "DES", 
          "SecurityName": "", 
          "AuthProtocol": "MD5"
        }, 
        {
          "UserEngineID": null, 
          "PrivacyProtocol": "DES", 
          "SecurityName": "", 
          "AuthProtocol": "MD5"
        }, 
        {
          "UserEngineID": null, 
          "PrivacyProtocol": "DES", 
          "SecurityName": "", 
          "AuthProtocol": "MD5"
        }, 
        {
          "UserEngineID": null, 
          "PrivacyProtocol": "DES", 
          "SecurityName": "", 
          "AuthProtocol": "MD5"
        }, 
        {
          "UserEngineID": null, 
          "PrivacyProtocol": "DES", 
          "SecurityName": "", 
          "AuthProtocol": "MD5"
        }, 
        {
          "UserEngineID": null, 
          "PrivacyProtocol": "DES", 
          "SecurityName": "", 
          "AuthProtocol": "MD5"
        }, 
        {
          "UserEngineID": null, 
          "PrivacyProtocol": "DES", 
          "SecurityName": "", 
          "AuthProtocol": "MD5"
        }
      ], 
      "ReadCommunities": [
        "", 
        "", 
        ""
      ], 
      "SNMPv3InformRetryAttempt": 2, 
      "PeriodicHSATrapConfig": "Disabled"
    }
  }, 
  "#Manager.v1_5_1.Manager": {
    "/redfish/v1/Managers/1/": {
      "DateTime": "2020-11-17T10:13:27Z", 
      "DateTimeLocalOffset": "+00:00", 
      "Oem": {
        "Hpe": {
          "FederationConfig": {
            "MulticastDiscovery": "Enabled", 
            "IPv6MulticastScope": "Site", 
            "MulticastAnnouncementInterval": 600, 
            "MulticastTimeToLive": 5, 
            "iLOFederationManagement": "Enabled"
          }, 
          "RequireHostAuthentication": false, 
          "VSPLogDownloadEnabled": false, 
          "SerialCLIStatus": "EnabledAuthReq", 
          "iLOServicePort": {
            "USBEthernetAdaptersEnabled": true, 
            "MassStorageAuthenticationRequired": false, 
            "iLOServicePortEnabled": true, 
            "USBFlashDriveEnabled": true
          }, 
          "VirtualNICEnabled": true, 
          "iLORBSUEnabled": true, 
          "SerialCLISpeed": 9600, 
          "WebGuiEnabled": true, 
          "IntegratedRemoteConsole": {
            "TrustedCertificateRequired": false, 
            "LockKey": {
              "CustomKeySequence": [
                "NONE", 
                "NONE", 
                "NONE", 
                "NONE", 
                "NONE"
              ], 
              "LockOption": "Disabled"
            }, 
            "HotKeys": [
              {
                "KeySequence": [
                  "NONE", 
                  "NONE", 
                  "NONE", 
                  "NONE", 
                  "NONE"
                ], 
                "Name": "Ctrl-T"
              }, 
              {
                "KeySequence": [
                  "NONE", 
                  "NONE", 
                  "NONE", 
                  "NONE", 
                  "NONE"
                ], 
                "Name": "Ctrl-U"
              }, 
              {
                "KeySequence": [
                  "NONE", 
                  "NONE", 
                  "NONE", 
                  "NONE", 
                  "NONE"
                ], 
                "Name": "Ctrl-V"
              }, 
              {
                "KeySequence": [
                  "NONE", 
                  "NONE", 
                  "NONE", 
                  "NONE", 
                  "NONE"
                ], 
                "Name": "Ctrl-W"
              }, 
              {
                "KeySequence": [
                  "NONE", 
                  "NONE", 
                  "NONE", 
                  "NONE", 
                  "NONE"
                ], 
                "Name": "Ctrl-X"
              }, 
              {
                "KeySequence": [
                  "NONE", 
                  "NONE", 
                  "NONE", 
                  "NONE", 
                  "NONE"
                ], 
                "Name": "Ctrl-Y"
              }
            ]
          }, 
          "PhysicalMonitorHealthStatusEnabled": true, 
          "RIBCLEnabled": true, 
          "RemoteConsoleThumbnailEnabled": true, 
          "RequiredLoginForiLORBSU": false, 
          "IdleConnectionTimeoutMinutes": 30, 
          "iLOIPduringPOSTEnabled": true, 
          "VSPDlLoggingEnabled": false, 
          "PersistentMouseKeyboardEnabled": false, 
          "VideoPresenceDetectOverride": true
        }
      }, 
      "SerialConsole": {
        "ServiceEnabled": true
      }, 
      "CommandShell": {
        "ServiceEnabled": true
      }, 
      "GraphicalConsole": {
        "ServiceEnabled": true
      }
    }
  }, 
  "#ManagerAccount.v1_3_0.ManagerAccount": {
    "/redfish/v1/AccountService/Accounts/1/": {
      "UserName": "Administrator", 
      "LoginName": "Administrator", 
      "RoleId": "Administrator", 
      "Privileges": {
        "HostNICConfigPriv": true, 
        "HostStorageConfigPriv": true, 
        "RemoteConsolePriv": true, 
        "iLOConfigPriv": true, 
        "VirtualMediaPriv": true, 
        "UserConfigPriv": true, 
        "HostBIOSConfigPriv": true, 
        "VirtualPowerAndResetPriv": true, 
        "LoginPriv": true, 
        "SystemRecoveryConfigPriv": true
      }, 
      "AccountType": "User Account", 
      "Password": "<p/k>"
    }, 
    "/redfish/v1/AccountService/Accounts/3/": {
      "UserName": "student", 
      "LoginName": "student", 
      "RoleId": "ReadOnly", 
      "Privileges": {
        "HostNICConfigPriv": false, 
        "HostStorageConfigPriv": false, 
        "RemoteConsolePriv": false, 
        "iLOConfigPriv": false, 
        "VirtualMediaPriv": false, 
        "UserConfigPriv": false, 
        "HostBIOSConfigPriv": false, 
        "VirtualPowerAndResetPriv": false, 
        "LoginPriv": true, 
        "SystemRecoveryConfigPriv": false
      }, 
      "AccountType": "User Account", 
      "Password": "<p/k>"
    }, 
    "/redfish/v1/AccountService/Accounts/2/": {
      "UserName": "demopaq", 
      "LoginName": "demopaq", 
      "RoleId": "Administrator", 
      "Privileges": {
        "HostNICConfigPriv": true, 
        "HostStorageConfigPriv": true, 
        "RemoteConsolePriv": true, 
        "iLOConfigPriv": true, 
        "VirtualMediaPriv": true, 
        "UserConfigPriv": true, 
        "HostBIOSConfigPriv": true, 
        "VirtualPowerAndResetPriv": true, 
        "LoginPriv": true, 
        "SystemRecoveryConfigPriv": false
      }, 
      "AccountType": "User Account", 
      "Password": "<p/k>"
    }
  }, 
  "#ManagerNetworkProtocol.v1_0_0.ManagerNetworkProtocol": {
    "/redfish/v1/Managers/1/NetworkProtocol/": {
      "VirtualMedia": {
        "ProtocolEnabled": true, 
        "Port": 17988
      }, 
      "HTTP": {
        "ProtocolEnabled": true, 
        "Port": 80
      }, 
      "KVMIP": {
        "ProtocolEnabled": true, 
        "Port": 17990
      }, 
      "IPMI": {
        "ProtocolEnabled": false, 
        "Port": 623
      }, 
      "HostName": "ILO-Gen10-TOP", 
      "SNMP": {
        "ProtocolEnabled": true, 
        "Port": 161
      }, 
      "SSH": {
        "ProtocolEnabled": true, 
        "Port": 22
      }, 
      "Oem": {
        "Hpe": {
          "RemoteSyslogServer": "", 
          "VirtualMediaEncryptionEnabled": true, 
          "AlertMailSMTPAuthPw": null, 
          "FederationEnabled": true, 
          "RemoteSyslogPort": 514, 
          "RemoteSyslogEnabled": false, 
          "SerialOverLanLogging": false, 
          "SNMPTrapPort": 162, 
          "AlertMailSMTPSecureEnabled": true, 
          "XMLResponseEnabled": true, 
          "AlertMailSMTPAuthEnabled": false, 
          "AlertMailEnabled": false, 
          "AlertMailSMTPAuthUser": "", 
          "AlertMailEmail": "John Deuf", 
          "AlertMailSenderDomain": "", 
          "AlertMailSMTPPort": 25, 
          "AlertMailSMTPServer": ""
        }
      }, 
      "HTTPS": {
        "ProtocolEnabled": true, 
        "Port": 443
      }, 
      "SSDP": {
        "ProtocolEnabled": true, 
        "NotifyMulticastIntervalSeconds": 600, 
        "NotifyTTL": 5, 
        "NotifyIPv6Scope": "Site"
      }
    }
  }, 
  "#SecureBoot.v1_0_0.SecureBoot": {
    "/redfish/v1/Systems/1/SecureBoot/": {
      "SecureBootEnable": false
    }
  }, 
  "#SmartStorageConfig.v2_0_1.SmartStorageConfig": {
    "/redfish/v1/systems/1/smartstorageconfig/settings/": {
      "RebuildPriority": "High", 
      "CurrentParallelSurfaceScanCount": 1, 
      "PredictiveSpareRebuild": "Disabled", 
      "EncryptionConfiguration": "None", 
      "EncryptionEULA": null, 
      "Location": "Slot 0", 
      "InconsistencyRepairPolicy": "Disabled", 
      "ReadCachePercent": 10, 
      "ElevatorSort": "Enabled", 
      "ExpandPriority": "Medium", 
      "LogicalDrives": [
        {
          "CapacityBlocks": 286677120, 
          "ParityGroupCount": 0, 
          "SpareRebuildMode": null, 
          "Raid": "Raid1", 
          "LogicalDriveNumber": 1, 
          "Accelerator": "ControllerCache", 
          "BlockSizeBytes": 512, 
          "CapacityGiB": 136, 
          "SpareDrives": [], 
          "DriveLocationFormat": "ControllerPort:Box:Bay", 
          "LogicalDriveName": "Logical Drive 1", 
          "VolumeUniqueIdentifier": "600508B1001C877E6D2BB58D0005DA97", 
          "StripeSizeBytes": 262144, 
          "StripSizeBytes": 262144, 
          "DataDrives": [
            "1I:1:1", 
            "1I:1:2"
          ], 
          "LegacyBootPriority": "None"
        }
      ], 
      "SurfaceScanAnalysisDelaySeconds": 3, 
      "SurfaceScanAnalysisPriority": "Idle", 
      "LocationFormat": "PCISlot", 
      "DataGuard": "Disabled", 
      "PhysicalDrives": [
        {
          "LegacyBootPriority": "None", 
          "Location": "1I:1:1", 
          "LocationFormat": "ControllerPort:Box:Bay"
        }, 
        {
          "LegacyBootPriority": "None", 
          "Location": "1I:1:2", 
          "LocationFormat": "ControllerPort:Box:Bay"
        }
      ], 
      "PowerModeAfterReboot": "MaxPerformance", 
      "Ports": [
        {
          "OperatingModeAfterReboot": "Mixed", 
          "PortIndex": 0
        }, 
        {
          "OperatingModeAfterReboot": "Mixed", 
          "PortIndex": 1
        }
      ], 
      "DegradedPerformanceOptimization": "Disabled", 
      "DriveWriteCacheUnconfigured": "Default", 
      "FlexibleLatencySchedulerSetting": "Default", 
      "QueueDepth": "Automatic", 
      "WriteCacheBypassThresholdKiB": 1040, 
      "SurvivalPowerMode": "Enabled", 
      "MonitorAndPerformanceAnalysisDelaySeconds": 60, 
      "DriveWriteCache": "Disabled", 
      "Id": "settings", 
      "NoBatteryWriteCache": "Disabled"
    }
  }
}